gpu,model,helm_tok_s,helm_ttft_s,accelerate_tok_s,accelerate_ttft_s,deepspeed_tok_s,deepspeed_ttft_s,vllm_tok_s,vllm_ttft_s,helm_vs_best_baseline
RTX 4060,Qwen3-4B,18.8,0.340,5.7,0.201,FAIL_INIT,FAIL_INIT,FAIL_INIT,FAIL_INIT,3.3
RTX 4060,Qwen3-8B,3.8,6.3,0.6,1.6,FAIL_INIT,FAIL_INIT,FAIL_INIT,FAIL_INIT,6.3
RTX 3090,Qwen3-4B,87.1,0.019,25.7,0.041,26.7,0.040,87.0,0.018,1.0
RTX 3090,Qwen3-8B,50.3,0.028,25.8,0.042,26.5,0.040,50.3,0.027,1.0
RTX 3090,Qwen3-14B,8.1,4.7,1.3,0.782,FAIL_INIT,FAIL_INIT,OOM,OOM,6.1
RTX 3090,Qwen3-32B,1.8,11.7,0.2,5.3,FAIL_INIT,FAIL_INIT,OOM,OOM,9.1
RTX 3090,Llama-2-13B,10.6,0.762,2.3,0.457,OOM,OOM,OOM,OOM,4.6
RTX 3090,Llama-3.1-8B,51.8,0.027,44.8,0.023,44.6,0.024,51.8,0.027,1.0
RTX 3090,Mistral-Nemo-12B,30.5,0.035,2.5,0.405,29.5,0.037,FAIL_INIT,FAIL_INIT,1.0
RTX 3090,OLMo-2-13B,9.1,2.7,1.4,0.807,OOM,OOM,OOM,OOM,6.6
RTX 3090,Gemma-2-9B,40.6,0.033,21.0,0.050,21.1,0.050,40.7,0.033,1.0
RTX 3090,Gemma-2-27B,1.2,10.9,0.3,3.8,OOM,OOM,OOM,OOM,4.8
L40S,Qwen3-4B,83.6,0.016,50.6,0.022,51.5,0.021,83.6,0.015,1.0
L40S,Qwen3-8B,46.7,0.026,38.1,0.030,38.2,0.029,46.7,0.026,1.0
L40S,Qwen3-14B,26.0,0.045,23.0,0.050,22.9,0.050,26.0,0.045,1.0
L40S,Qwen3-32B,4.8,6.5,0.5,2.2,FAIL_INIT,FAIL_INIT,OOM,OOM,10.4
L40S,Llama-2-13B,28.5,0.042,25.6,0.045,25.6,0.045,28.5,0.042,1.0
L40S,Llama-3.1-8B,47.6,0.026,40.8,0.028,41.3,0.027,47.6,0.026,1.0
L40S,Mistral-Nemo-12B,31.2,0.038,28.0,0.041,28.0,0.041,31.2,0.038,1.0
L40S,OLMo-2-13B,27.7,0.042,23.8,0.048,23.9,0.048,27.7,0.042,1.0
L40S,Gemma-2-9B,38.4,0.032,31.0,0.036,31.1,0.036,38.5,0.032,1.0
L40S,Gemma-2-27B,5.1,0.220,0.6,1.7,OOM,OOM,OOM,OOM,8.3
